rank,feature,mean_abs_shap,mean_shap,std_shap
1,spectralFluxV_sma3nz_amean,1.7802319982915131,-0.04958051702448958,1.9420762214543748
2,logRelF0-H1-A3_sma3nz_amean,0.7684371553076811,0.005813098477059274,0.9433764619383934
3,spectralFlux_sma3_amean,0.6985789090399535,-0.025831988928106633,0.7917905977621802
4,shimmerLocaldB_sma3nz_stddevNorm,0.5594633610596016,0.02915590049210145,0.769636666364203
5,HNRdBACF_sma3nz_stddevNorm,0.5127258007923076,0.00070869119464572,0.609996783821117
6,alphaRatioV_sma3nz_stddevNorm,0.5083605066141448,0.004033052726384602,0.6694181415096292
7,spectralFluxUV_sma3nz_amean,0.2901865422121015,-0.0016628706031377855,0.31928422830068165
8,equivalentSoundLevel_dBp,0.26856456539645257,-0.08360439919882776,0.2784084656956221
9,mfcc3V_sma3nz_stddevNorm,0.23631515534345987,0.03695118404118527,0.3049557334092554
10,mfcc3_sma3_amean,0.19926543806277974,-0.0343325307932469,0.24333517509822858
11,logRelF0-H1-H2_sma3nz_stddevNorm,0.1890135478138077,-0.004753550169934195,0.2637708957822279
12,loudness_sma3_stddevNorm,0.15918325618787513,0.018202557993315306,0.21511197171489946
13,F3bandwidth_sma3nz_amean,0.1525035987692434,0.012603686182512905,0.254273674959782
14,mfcc3V_sma3nz_amean,0.14806566996125292,0.016048056911730394,0.26587131648171725
15,slopeV500-1500_sma3nz_amean,0.1470501716825647,-0.014228827003001572,0.1709028509201188
16,logRelF0-H1-H2_sma3nz_amean,0.14324303312693765,0.008195635292782829,0.20328978175915532
17,mfcc2V_sma3nz_amean,0.13537646864394934,-0.013219015995438087,0.14711885554666604
18,F1amplitudeLogRelF0_sma3nz_stddevNorm,0.1152964748145536,0.005944146625391898,0.14018556306010377
19,mfcc4V_sma3nz_stddevNorm,0.10939514168591091,-0.024877668546930708,0.18057094631690107
20,spectralFlux_sma3_stddevNorm,0.10177850523038583,0.002480806447727431,0.12815909905234213
21,mfcc1_sma3_stddevNorm,0.09807427952320837,0.009243602942724242,0.17122638668650797
22,mfcc2_sma3_stddevNorm,0.09721018652643039,0.0166450851336636,0.14623591196991748
23,slopeV0-500_sma3nz_stddevNorm,0.09608250151797129,-0.00022314816325593882,0.19006060698908497
24,mfcc4_sma3_stddevNorm,0.09474085334292208,0.02646780558283324,0.14522129461282712
25,HNRdBACF_sma3nz_amean,0.09012573339165139,-0.0030812202785086753,0.09971692742075819
26,F3bandwidth_sma3nz_stddevNorm,0.08779519870672083,-0.019581861282975337,0.0992706334841796
27,slopeV500-1500_sma3nz_stddevNorm,0.08479470102478588,0.004083056035526876,0.11039186633808563
28,F1bandwidth_sma3nz_stddevNorm,0.08145122820048092,-0.007266817352374299,0.09845767063177681
29,mfcc2V_sma3nz_stddevNorm,0.08013364506734012,0.019851372476717793,0.12755970416764184
30,mfcc1V_sma3nz_amean,0.06773991952731057,-0.006233844480712867,0.07668385247388235
31,F0semitoneFrom27.5Hz_sma3nz_amean,0.0650562588127931,0.008583912187100484,0.11575946382346133
32,F2frequency_sma3nz_stddevNorm,0.06176126558574947,-0.0009091914452406269,0.0844836779762237
33,logRelF0-H1-A3_sma3nz_stddevNorm,0.061427816404632685,-0.004717623274721754,0.08143574379518542
34,F2bandwidth_sma3nz_amean,0.060222038297223314,0.01333774188143071,0.09843652576553416
35,mfcc4V_sma3nz_amean,0.060184441330627274,-0.0077321017319005,0.08781347403033334
36,mfcc3_sma3_stddevNorm,0.05963714163672919,0.0004214460927162789,0.0943233401288704
37,slopeUV0-500_sma3nz_amean,0.05778285284325963,0.009396646796404907,0.07430307466581833
38,StddevUnvoicedSegmentLength,0.05717744129757796,-0.006843707699602925,0.06574029709712448
39,mfcc1_sma3_amean,0.05323645892831731,-0.023208304818105742,0.06072628747634056
40,F1amplitudeLogRelF0_sma3nz_amean,0.05211548137982022,0.004416326649972064,0.0656225025138716
41,slopeUV500-1500_sma3nz_amean,0.05026318714295955,0.01456238630448654,0.06334427913838378
42,F2amplitudeLogRelF0_sma3nz_stddevNorm,0.048667361287179176,-0.020492113865113293,0.05159905994559092
43,loudness_sma3_amean,0.04513062462314432,-0.0077392126277091725,0.05573380970089429
44,VoicedSegmentsPerSec,0.04412853268134265,-0.008744459749934878,0.04952700683513287
45,MeanVoicedSegmentLengthSec,0.044063434299635135,0.007998102387787486,0.051751525146143416
46,F1bandwidth_sma3nz_amean,0.04152462352524869,-0.0028624475817421143,0.047962332765506495
47,F0semitoneFrom27.5Hz_sma3nz_stddevNorm,0.040304517238659014,0.007152274098838968,0.04914316439438445
48,F2bandwidth_sma3nz_stddevNorm,0.038492867869184724,0.0011207384150863488,0.04576570417695117
49,mfcc1V_sma3nz_stddevNorm,0.037895101160586295,-0.014497881578621186,0.052853082799559706
50,mfcc2_sma3_amean,0.03571212369122064,2.980828013539197e-05,0.06046401294868671
51,mfcc4_sma3_amean,0.03557408305452673,0.0110815051815004,0.05071515469929333
52,slopeV0-500_sma3nz_amean,0.033930084094065394,0.007699951170699038,0.04166889168938383
53,alphaRatioUV_sma3nz_amean,0.032333708496446054,-0.01220413644578238,0.04265052731285743
54,hammarbergIndexUV_sma3nz_amean,0.028092976687808326,-0.0048586354094125395,0.03691268742243765
55,F3frequency_sma3nz_stddevNorm,0.02699744061055761,0.004001427863249361,0.033289011636375924
56,F3frequency_sma3nz_amean,0.022623779324793217,-0.007442639911943197,0.02967304483295448
57,MeanUnvoicedSegmentLength,0.022443146338844942,-0.005664008954317478,0.03259620915334213
58,F1frequency_sma3nz_stddevNorm,0.0210348612620293,0.004265619137501754,0.030912908549122833
59,loudnessPeaksPerSec,0.020237294327520097,0.0020035518098963094,0.024389060558412213
60,jitterLocal_sma3nz_stddevNorm,0.019925865039740125,-0.0011567070288769127,0.02687768233390342
61,jitterLocal_sma3nz_amean,0.019909427148864536,-0.006236887593737884,0.0315916420587033
62,F3amplitudeLogRelF0_sma3nz_amean,0.01648541363501347,-0.0032708067846260727,0.030887320945932356
63,alphaRatioV_sma3nz_amean,0.016063265056957914,-0.009549340782366097,0.018899488650822676
64,F1frequency_sma3nz_amean,0.014680366105814139,0.0016263038646681857,0.018356076202856033
65,shimmerLocaldB_sma3nz_amean,0.012817271532138632,-0.002106277762367294,0.018454346262688222
66,StddevVoicedSegmentLengthSec,0.011975913900809645,0.001443552314963396,0.014556487252447852
67,hammarbergIndexV_sma3nz_amean,0.01035502969279161,-0.0003004814711032942,0.012662494706972048
68,F2frequency_sma3nz_amean,0.010113889056945205,-0.001201927070351784,0.013172336579536769
69,spectralFluxV_sma3nz_stddevNorm,0.007119397042186126,-0.0002684209657064432,0.009319004436955547
70,hammarbergIndexV_sma3nz_stddevNorm,0.006877045837852401,0.0014535712702517004,0.01177188643287758
71,F2amplitudeLogRelF0_sma3nz_amean,0.00591205856226218,4.0049637745736966e-05,0.011444683612224558
72,F3amplitudeLogRelF0_sma3nz_stddevNorm,0.005365371184599418,-0.0015770795265143624,0.006436050514050562
